timestamp,HeadYaw,HeadPitch,LShoulderPitch,LShoulderRoll,RShoulderPitch,RShoulderRoll,LElbowRoll,RElbowRoll,LHand,RHand
1757428316.059,-10,-6,83.29040095962313,14.349784178097039,78.02153506268147,-18.92036472905811,-2.0,88.5,1.0,0.0
1757428316.146,-9.4,-5.800000000000001,84.02985756104607,14.666104820251222,78.7061219997994,-19.17818481462946,-2.0,88.5,1.0,0.0
1757428316.308,-8.72,-5.840000000000001,84.37177284587176,15.254539235428975,79.17858720063084,-19.096953538276974,-2.0,88.5,1.0,1.0
1757428316.455,-7.5760000000000005,-5.872000000000001,84.96260907905307,16.14964790195052,80.21183642548826,-19.028489339054932,-2.0,88.5,1.0,1.0
1757428316.604,-6.460800000000001,-6.097600000000001,85.7410893932265,16.672086256106937,80.82756044985463,-18.80429889156382,-2.0,88.5,1.0,1.0
1757428316.845,-5.568640000000001,-6.47808,86.2255766547462,16.998168112003295,80.80564386024353,-18.816604414889937,-2.0,88.5,1.0,1.0
1757428316.97,-5.054912000000002,-7.182464,86.9025531006211,16.98315444449776,80.82989922449015,-18.962794830187793,-2.0,88.5,1.0,1.0
1757428317.099,-4.4439296000000015,-7.945971200000001,87.27048278779253,17.214725282627796,80.64509101441065,-19.44586719248713,-2.0,88.5,1.0,1.0
1757428317.233,-4.355143680000001,-8.956776960000001,87.32181825507351,17.311319988001557,80.23553265725786,-19.505674510532458,-2.0,88.5,1.0,1.0
1757428317.359,-5.084114944000001,-9.965421568000002,87.42326186849594,16.70282582089472,80.1944654700702,-19.292383947901556,-2.0,88.5,1.0,1.0
1757428317.49,-5.067291955200001,-10.772337254400002,87.28573412641708,15.95247844445276,80.30729293316278,-19.119096544957415,-2.0,88.5,1.0,1.0
1757428317.623,-5.253833564160001,-11.81786980352,87.53304336618005,15.226550441725063,80.28372799586197,-19.135868679908853,-2.0,88.5,1.0,1.0
1757428317.764,-5.403066851328001,-12.454295842816,87.95311766046103,14.326209287478083,80.24087694901714,-18.87427194186336,-2.0,88.5,1.0,1.0
1757428317.898,-5.922453481062401,-12.9634366742528,88.10797043025747,13.365290933069709,80.48829251748154,-18.601390189948813,-2.0,88.5,1.0,1.0
1757428318.029,-5.7379627848499215,-13.170749339402242,87.08208455380344,12.131863927998843,80.47099448059554,-18.73009114276943,-2.0,88.5,1.0,1.0
1757428318.158,-5.590370227879937,-13.336599471521795,85.061343753415,11.230698171408443,81.03900853743224,-20.81695760702827,-2.0,88.5,1.0,1.0
1757428318.351,-5.47229618230395,-13.469279577217439,83.90696989803963,10.45527418582519,81.48384087237761,-21.122311732841908,-2.0,88.5,1.0,1.0
1757428318.472,-5.37783694584316,-13.175423661773952,82.88266993795884,9.948417556496393,82.00068807913146,-21.192828420972788,-2.0,88.5,1.0,1.0
1757428318.606,-4.902269556674527,-12.340338929419163,81.85297550634345,9.528932711672937,82.43893958899642,-21.358665075177626,-2.0,88.5,1.0,1.0
1757428318.744,-4.521815645339622,-11.672271143535331,80.7031946907991,9.11529097449355,82.72319573008863,-21.31590845015753,-2.0,88.5,1.0,1.0
1757428318.88,-3.8174525162716977,-11.137816914828266,79.87459096646425,8.739150125470374,83.07379067690437,-20.96324121173374,-2.0,88.5,1.0,1.0
1757428319.015,-3.2539620130173583,-10.510253531862613,79.00393372109997,8.34607151921405,83.21071173757377,-20.829963059861775,-2.0,88.5,1.0,1.0
1757428319.159,-2.803169610413887,-10.208202825490092,77.85266318477743,8.013028115368376,83.26123538591945,-20.8708561932254,-2.0,88.5,1.0,1.0
1757428319.293,-2.6425356883311095,-9.966562260392076,76.53820985167172,7.843922447492634,83.23977992566108,-21.794313457417598,-2.0,88.5,1.0,1.0
1757428319.473,-2.5140285506648876,-9.773249808313661,75.62874157299521,7.711388029090562,83.20705409635381,-21.719056051240436,-2.0,88.5,1.0,1.0
1757428319.612,-2.4112228405319103,-9.61859984665093,75.12463543320371,7.568851167556301,83.19885447051368,-21.118126132937835,-2.0,88.5,1.0,1.0
1757428319.779,-2.5289782724255283,-9.494879877320745,74.81337309353046,7.695234083194661,83.22804231636516,-20.686359535818966,-2.0,88.5,1.0,1.0
1757428319.923,-2.6231826179404227,-9.395903901856597,74.6420595217776,8.330973050231504,83.94553924404829,-19.969281772118364,-2.0,88.5,1.0,1.0
1757428320.076,-2.498546094352338,-9.316723121485278,74.70152184323094,9.510219521842146,84.96649057162466,-19.34560522445973,-2.0,88.5,1.0,1.0
1757428320.221,-2.3988368754818707,-9.253378497188223,75.65389035920687,11.34509098067458,85.4804809701069,-19.045806118798644,-2.0,88.5,1.0,1.0
1757428320.358,-2.5190695003854966,-9.202702797750579,77.11919392020013,13.293850435578765,85.87819544811529,-18.718343716444156,-2.0,88.5,1.0,1.0
1757428320.513,-2.6152556003083975,-8.962162238200463,78.27172307927846,15.092986142087103,86.52741548833954,-18.62552803204414,-2.0,88.5,1.0,1.0
1757428320.655,-2.492204480246718,-8.969729790560372,78.69864930553096,16.470301092305412,86.12761337887902,-18.3341627378032,-2.0,88.5,1.0,1.0
1757428320.789,-2.1937635841973746,-8.975783832448299,78.8430897284209,17.67469792767067,84.91247629372575,-17.768701634132448,-2.0,88.5,1.0,1.0
1757428320.981,-2.1550108673578996,-8.780627065958639,78.32915950043146,18.095270297424726,83.97321169660542,-17.273013007501532,-2.0,88.5,1.0,1.0
1757428321.144,-1.9240086938863197,-8.624501652766911,77.65741581868204,17.970213538965535,83.44579893311672,-16.95911286585715,-2.0,88.5,1.0,1.0
1757428321.292,-1.7392069551090559,-8.499601322213529,77.1898105107022,17.649122573558795,82.9942902321394,-16.5183280220201,-2.0,88.5,1.0,1.0
1757428321.419,-1.3913655640872449,-8.399681057770824,77.0814124618063,17.191038049617504,83.16002199732273,-16.41444054977807,-2.0,88.5,1.0,1.0
1757428321.555,-1.113092451269796,-8.31974484621666,77.78938642009335,16.572689580752943,84.22319110980139,-16.76882783082961,-2.0,88.5,1.0,1.0
1757428321.687,-0.8904739610158368,-8.255795876973329,78.94189994801033,15.7333973414024,84.89161575646513,-17.332883861550712,-2.0,88.5,1.0,1.0
1757428321.819,-0.9123791688126694,-8.004636701578663,79.03439133392946,14.71869365138527,85.24983730005209,-18.645656927862966,-2.0,88.5,1.0,1.0
1757428321.956,-0.9299033350501356,-7.803709361262931,79.24381130766616,13.614013972675217,85.6670418234667,-19.502101004391754,-2.0,88.5,1.0,1.0
1757428322.09,-0.9439226680401085,-7.642967489010346,79.18304283432984,12.467002427310963,86.10092361786218,-20.126520720337172,-2.0,88.5,1.0,1.0
1757428322.218,-1.1551381344320868,-7.514373991208277,79.34743622980328,11.471687394372921,86.44597133202666,-20.54250177563464,-2.0,88.5,1.0,1.0
1757428322.344,-1.3241105075456696,-7.411499192966622,79.43531314923038,10.719779353324203,87.06896100372084,-20.77851488077445,-2.0,88.5,1.0,1.0
1757428322.516,-1.6592884060365358,-7.529199354373299,79.64455648148453,9.86354293403488,87.59904170990599,-20.35297891972911,-2.0,88.5,1.0,1.0
1757428322.657,-1.7274307248292287,-7.623359483498639,80.22224297224199,9.097817126100118,87.5622324879059,-19.9367634991239,-2.0,88.5,1.0,1.0
1757428322.827,-1.981944579863383,-7.698687586798911,81.04350774547476,8.463671190968617,86.94863089749045,-19.541593819490572,-2.0,88.5,1.0,1.0
1757428322.95,-2.1855556638907068,-7.758950069439129,81.60694655067383,8.029521486119071,86.50513099762475,-19.0980571264141,-2.0,88.5,1.0,1.0
1757428323.087,-2.3484445311125657,-8.007160055551303,82.03525718160077,7.768278082922571,86.25105700169368,-18.519836791172157,-2.0,88.5,1.0,1.0
1757428323.22,-2.6787556248900524,-8.205728044441043,82.30245395853011,7.635869414491765,86.03161093526363,-17.96000989932243,-2.0,88.5,1.0,1.0
1757428323.356,-2.743004499912042,-8.564582435552836,82.4403548027232,7.707143695465808,86.07163637609779,-17.15409339300346,-2.0,88.5,1.0,1.0
1757428323.492,-2.5944035999296338,-8.85166594844227,82.88804730840832,7.9694124561910975,86.12791023098681,-16.242246409971433,-2.0,88.5,1.0,1.0
1757428323.626,-2.475522879943707,-8.881332758753816,83.24127930330235,8.397363595770537,86.34464360849321,-15.37199762490684,-2.0,88.5,1.0,1.0
1757428323.748,-2.380418303954966,-9.105066207003052,83.73251828700297,8.938387418050892,86.53737646871164,-15.00116174709799,-2.0,88.5,1.0,1.0
1757428323.904,-2.104334643163973,-9.284052965602442,84.03881899508214,9.452496346626726,86.73425040355269,-14.901270451057746,-2.0,88.5,1.0,1.0
1757428324.038,-1.8834677145311784,-9.427242372481953,84.25093176110435,9.785330633456157,86.78101241362286,-15.178208268912023,-2.0,88.5,1.0,1.0
1757428324.191,-1.7067741716249427,-9.541793897985563,84.34803350286161,10.03638631566101,86.74945314033263,-15.735785043490688,-2.0,88.5,1.0,1.0
1757428324.32,-1.7654193372999543,-9.633435118388451,84.06540166651419,10.275820536215047,86.67136278968043,-16.529215080407866,-2.0,88.5,1.0,1.0
1757428324.464,-1.8123354698399634,-9.706748094710761,83.78950100730043,10.139760548107088,86.40163193215922,-17.06866143348078,-2.0,88.5,1.0,1.0
1757428324.62,-1.8498683758719707,-9.76539847576861,84.03720930393673,10.007837397678147,85.41542228569286,-17.74412375122174,-2.0,88.5,1.0,1.0
1757428324.754,-1.8798947006975766,-9.612318780614888,84.72993182308441,9.928917033986203,84.37930837087013,-18.18798126581153,-2.0,88.5,1.0,1.0
1757428324.901,-1.9039157605580614,-9.489855024491911,85.45790435397822,9.518646600684864,83.20056966203549,-18.48625609677463,-2.0,88.5,1.0,1.0
1757428325.045,-2.323132608446449,-9.39188401959353,86.01912499884983,9.009552367327633,82.00731349078083,-18.353688999323243,-2.0,88.5,1.0,1.0
1757428325.197,-2.6585060867571593,-9.113507215674824,86.07419556439001,8.61944307963346,81.1943954179098,-17.740008950582723,-2.0,88.5,1.0,1.0
1757428325.339,-3.1268048694057273,-8.89080577253986,85.98970603828346,8.29868588429346,80.54838068911971,-17.113195875226566,-2.0,88.5,1.0,1.0
1757428325.467,-3.7014438955245823,-8.712644618031888,86.10809132736853,7.785618358615256,79.97922449340388,-16.528076106412705,-2.0,88.5,1.0,1.0
1757428325.64,-4.361155116419666,-8.57011569442551,86.41120440593049,7.286943183520283,79.46899777276832,-15.878095761646872,-2.0,88.5,1.0,1.0
1757428325.768,-5.0889240931357325,-8.456092555540408,86.93999800417214,6.941825361341947,79.18317464318119,-15.264348563790353,-2.0,88.5,1.0,1.0
1757428325.896,-5.671139274508587,-8.364874044432327,87.43806823147095,6.683849095814962,78.97826011976966,-14.76966659816398,-2.0,88.5,1.0,1.0
1757428326.023,-6.336911419606869,-8.291899235545861,86.21666793508892,6.437442048475477,79.74700088734966,-14.19659171048246,-2.0,88.5,1.0,1.0
1757428326.16,-6.6695291356854955,-8.233519388436688,84.26436146288287,6.268270913450181,81.42906829998205,-13.454406939560982,-2.0,88.5,1.0,1.0
1757428326.292,-7.135623308548396,-8.38681551074935,82.53882443879614,6.269101128408689,82.71643019612478,-12.836736646360983,-2.0,88.5,1.0,1.0
1757428326.409,-7.508498646838717,-8.509452408599481,81.61612730689136,6.584492596207928,83.96193726444271,-12.349534637011951,-2.0,88.5,1.0,1.0
1757428326.547,-8.206798917470973,-8.607561926879585,80.8343935924383,7.059341578348706,84.8416426716573,-12.043153937493797,-2.0,88.5,1.0,1.0
1757428326.688,-8.765439133976779,-8.886049541503668,80.62446459651707,7.74602879546571,85.51707698534776,-11.676530227946973,-2.0,88.5,1.0,1.0
1757428326.828,-9.412351307181424,-9.108839633202935,80.64965852486446,8.458934471138194,86.18734927796567,-11.43901608333635,-2.0,88.5,1.0,1.0
1757428326.999,-9.929881045745141,-9.487071706562348,81.34880986915866,9.087230102340929,86.77060594042241,-11.166959069113283,-2.0,88.5,1.0,1.0
1757428327.132,-9.943904836596113,-9.78965736524988,82.54967161472396,9.631340952243592,86.55690263460647,-11.107518747019741,-2.0,88.5,1.0,1.0
1757428327.301,-9.755123869276892,-10.031725892199905,83.33128985146504,10.030533911852544,86.30288539086165,-11.366562938584387,-2.0,88.5,1.0,1.0
1757428327.456,-9.404099095421513,-10.025380713759924,84.00039305316821,10.289475994441888,86.0274477712232,-11.645625095931814,-2.0,88.5,1.0,1.0
1757428327.623,-8.72327927633721,-10.020304571007939,84.38702102993041,10.472848756708926,85.86060514230309,-12.201060876617863,-2.0,88.5,1.0,1.0
1757428327.801,-8.17862342106977,-10.01624365680635,83.88424844609258,10.497165484254179,86.47382445394865,-12.917314986967256,-2.0,88.5,1.0,1.0
1757428327.928,-7.542898736855816,-10.21299492544508,82.78717094544025,10.661015108591428,86.43322566972114,-13.853821558896705,-2.0,88.5,1.0,1.0
1757428328.071,-7.034318989484653,-10.370395940356065,81.99133629706833,10.767907666151224,85.95017464094417,-14.479037265920358,-2.0,88.5,1.0,1.0
1757428328.191,-6.427455191587723,-10.496316752284852,81.30941005613838,10.540372297589624,85.93194039247975,-14.820719117593665,-2.0,88.5,1.0,1.0
1757428328.329,-5.741964153270178,-10.597053401827882,80.96073946891168,10.033622994046675,85.66734013978731,-14.670452055847036,-2.0,88.5,1.0,1.0
1757428328.455,-5.193571322616142,-10.477642721462306,80.73134713522144,9.46233605493131,86.26252111817195,-15.296175645050873,-2.0,88.5,1.0,1.0
1757428328.599,-4.754857058092915,-10.582114177169846,81.05690986965695,9.041826365004876,86.84655340644326,-16.130367129225768,-2.0,88.5,1.0,1.0
1757428328.772,-4.403885646474333,-10.665691341735876,81.52984125575297,8.659838993851555,87.39819266037892,-16.68336562947134,-2.0,88.5,1.0,1.0
1757428328.926,-4.123108517179466,-10.532553073388701,81.97073949402524,8.397244650142905,87.76789334600969,-16.970738318714602,-2.0,88.5,1.0,1.0
1757428329.084,-3.8984868137435726,-10.426042458710961,81.95524902209304,8.255478973145944,87.97598272172678,-17.22697413446982,-2.0,88.5,1.0,1.0
1757428329.251,-3.7187894509948585,-10.34083396696877,82.03928382890544,8.090625004875708,87.99168235189384,-17.475821386226123,-2.0,88.5,1.0,1.0
1757428329.409,-3.375031560795887,-10.272667173575016,82.6188307125695,7.863899366315578,88.05762995127228,-17.43722385364039,-2.0,88.5,1.0,1.0
1757428329.599,-3.3000252486367097,-10.218133738860013,83.01265730748742,7.63536516143148,88.1675012278426,-17.305558034882342,-2.0,88.5,1.0,1.0
1757428329.784,-3.240020198909368,-9.974506991088012,83.26758409475374,7.5092536024982754,88.34744040511923,-17.167414219308476,-2.0,88.5,1.0,1.0
1757428329.957,-2.9920161591274943,-9.77960559287041,83.95524810415847,7.4581425503613215,88.45116576741168,-17.041952420165515,-2.0,88.5,1.0,1.0
1757428330.139,-2.7936129273019956,-9.62368447429633,84.28572410581062,7.542307432409087,88.271388068887,-17.383855191548044,-2.0,88.5,1.0,1.0
1757428330.3,-2.6348903418415963,-9.498947579437065,84.54342939099591,7.67095337264202,88.2510053494522,-17.671849966945928,-2.0,88.5,1.0,1.0
1757428330.477,-2.507912273473277,-9.399158063549653,84.29945553860428,7.72436081650395,88.26956409642271,-18.034636621111243,-2.0,88.5,1.0,1.0
1757428330.642,-2.4063298187786217,-9.319326450839723,84.08483874364451,7.746205559440977,88.3407101553877,-18.29930466305037,-2.0,88.5,1.0,1.0
1757428330.795,-2.3250638550228975,-9.455461160671778,83.8711291338329,7.747465594985008,88.42714657696177,-18.486082091399226,-2.0,88.5,1.0,1.0
1757428330.97,-2.060051084018318,-9.564368928537423,83.27429365814929,7.783298443736587,88.34731506125385,-18.66912783641086,-2.0,88.5,1.0,1.0
1757428331.138,-1.8480408672146547,-9.45149514282994,82.8768716814788,7.8241362901173535,88.31290284882151,-18.7301440521214,-2.0,88.5,1.0,1.0
1757428331.288,-1.6784326937717238,-9.561196114263952,82.50623409764694,7.835812735896133,88.12962707678457,-18.63444179536758,-2.0,88.5,1.0,1.0
1757428331.465,-1.542746155017379,-9.448956891411163,82.38476677312238,7.776109326850334,88.305852572102,-18.484580364681662,-2.0,88.5,1.0,1.0
1757428331.633,-1.6341969240139034,-9.559165513128931,82.59179423816157,7.7166206735517076,88.08235791250898,-18.236574647536173,-2.0,88.5,1.0,1.0
1757428331.808,-1.5073575392111227,-9.647332410503147,83.30954656143814,7.680657043568653,87.42860953546774,-18.105376941439125,-2.0,88.5,1.0,1.0
1757428331.965,-1.4058860313688981,-9.517865928402518,83.76938278135935,7.733467712566538,87.04548403008468,-18.211038399817888,-2.0,88.5,1.0,1.0
1757428332.207,-1.3247088250951184,-9.414292742722015,84.30639536879826,7.887381377525527,86.78457939473006,-18.37791655394078,-2.0,88.5,1.0,1.0
1757428332.32,-1.2597670600760948,-9.531434194177614,84.71984294534244,8.036783648511772,86.63110284854032,-18.44364635312724,-2.0,88.5,1.0,1.0
1757428332.461,-1.407813648060876,-9.62514735534209,84.91927014232667,8.112545885825801,86.6414423438888,-18.351595725770476,-2.0,88.5,1.0,1.0
1757428332.586,-1.5262509184487008,-9.700117884273673,85.07980173168656,8.141009889079072,86.6767379346659,-17.951328747189798,-2.0,88.5,1.0,1.0
1757428332.702,-1.8210007347589607,-9.760094307418939,85.21372520326501,8.168327576022033,86.78318787748096,-17.386197008796383,-2.0,88.5,1.0,1.0
1757428332.855,-2.0568005878071687,-9.808075445935152,85.34671426057436,8.215319460527809,86.89401077156481,-16.819870321552987,-2.0,88.5,1.0,1.0
1757428332.972,-2.245440470245735,-10.046460356748122,85.28420307918893,8.278014380371328,87.14966348701978,-16.23684856452612,-2.0,88.5,1.0,1.0
1757428333.09,-2.3963523761965884,-10.037168285398499,84.61699308998242,8.28995723571365,87.64467532085733,-15.657759070065262,-2.0,88.5,1.0,1.0
1757428333.22,-2.5170819009572707,-10.0297346283188,84.11477231869252,8.244583904313538,88.0176621791467,-15.116245310110347,-2.0,88.5,1.0,1.0
1757428333.357,-2.613665520765817,-10.02378770265504,83.8926343269494,8.229533038560207,88.33432321836361,-14.61171598247572,-2.0,88.5,1.0,1.0
1757428333.48,-2.690932416612654,-10.019030162124032,83.91784766264927,8.265878390322627,88.60046136389107,-14.237989025226733,-2.0,88.5,1.0,1.0
1757428333.609,-2.5527459332901232,-10.015224129699225,84.16870792128759,8.325204385714867,88.7730545770077,-13.946624052804836,-2.0,88.5,1.0,1.0
1757428333.799,-2.6421967466320986,-10.01217930375938,84.53682970881815,8.418236832347006,88.7743616005504,-13.721625832453567,-2.0,88.5,1.0,1.0
1757428333.916,-2.713757397305679,-10.009743443007505,84.86327334916517,8.505479452399559,88.69990441590417,-13.494120535310707,-2.0,88.5,1.0,1.0
1757428334.049,-2.9710059178445434,-10.207794754406006,85.56001859650515,8.641225079353275,88.1222146185345,-13.348213314698398,-2.0,88.5,1.0,1.0
1757428334.177,-2.976804734275635,-10.366235803524805,86.07802221241695,8.731346151802057,87.7645772454176,-13.312606368949275,-2.0,88.5,1.0,1.0
1757428334.325,-2.981443787420508,-10.292988642819845,86.01577113874795,8.811767531161756,87.65505135459296,-13.338802314966786,-2.0,88.5,1.0,1.0
1757428334.473,-2.9851550299364065,-10.234390914255876,85.99953333897895,8.87330271417397,87.6368246224883,-13.321850275520845,-2.0,88.5,1.0,1.0
1757428334.604,-2.9881240239491254,-10.387512731404701,85.81796485247112,8.908826904717504,87.62112291032346,-13.382397762780936,-2.0,88.5,1.0,1.0
1757428334.738,-2.9904992191593003,-10.510010185123761,85.70186552029145,8.97929695321334,87.66765791238572,-13.394240903512298,-2.0,88.5,1.0,1.0
1757428334.874,-2.9923993753274405,-10.60800814809901,85.63660710473465,9.028941490458742,87.50190624317686,-13.424731832762452,-2.0,88.5,1.0,1.0
1757428334.999,-2.9939195002619527,-10.486406518479209,85.88320818640648,9.077747330733,87.20249232024555,-13.593678315690143,-2.0,88.5,1.0,1.0
1757428335.117,-2.9951356002095624,-10.389125214783368,86.07727423702941,9.101931885644523,87.02896330118155,-13.802917613384588,-2.0,88.5,1.0,1.0
1757428335.286,-3.1961084801676503,-10.311300171826694,86.3363925667032,9.181426511275692,86.75354823379894,-14.163160877780818,-2.0,88.5,1.0,1.0
1757428335.402,-3.3568867841341206,-10.449040137461356,86.35611609746023,9.330995659762571,86.473027511445,-14.782685469417,-2.0,88.5,1.0,1.0
1757428335.516,-3.4855094273072966,-10.559232109969084,86.7056932663915,9.57401165743648,86.16172374055152,-15.277700718057982,-2.0,88.5,1.0,1.0
1757428335.656,-3.3884075418458375,-10.64738568797527,87.2898456332099,9.683427602772383,85.41352785241443,-15.644859543565023,-2.0,88.5,1.0,1.0
1757428335.767,-3.31072603347667,-10.717908550380216,87.64472329118007,9.773573660244761,84.93800415876913,-15.993973262380226,-2.0,88.5,1.0,1.0
1757428335.913,-3.2485808267813363,-10.774326840304173,87.96386396748555,9.725959500602958,84.44685003898279,-16.21151977593994,-2.0,88.5,1.0,1.0
1757428336.059,-2.998864661425069,-10.81946147224334,88.01377023541394,9.679538115803748,84.15732419296334,-16.425475285142397,-2.0,88.5,1.0,1.0
1757428336.201,-2.5990917291400555,-10.855569177794674,88.07453178674935,9.598959891309008,83.89282331926279,-16.50413467994733,-2.0,88.5,1.0,1.0
1757428336.332,-2.2792733833120447,-10.88445534223574,88.12613827898194,9.485104753640892,83.73503039838002,-16.471103139099533,-2.0,88.5,1.0,1.0
1757428336.451,-2.023418706649636,-10.707564273788591,88.40636191462217,9.438939093537833,83.51214289540482,-16.452786106626306,-2.0,88.5,1.0,1.0
1757428336.622,-2.018734965319709,-10.766051419030873,88.67074404537031,9.34499228150443,83.32055037519773,-16.385812931974755,-2.0,88.5,1.0,1.0
1757428336.766,-1.8149879722557671,-10.812841135224698,88.5788109316795,9.104667563878978,82.6729613716436,-16.549455909388218,-2.0,88.5,1.0,1.0
1757428336.915,-1.8519903778046136,-10.850272908179758,88.44518082809962,8.708621954583283,82.11773915712408,-16.61950500284094,-2.0,88.5,1.0,1.0
1757428337.046,-1.881592302243691,-10.880218326543808,88.48649949820428,8.202638351550304,81.64163828185079,-16.771490873246297,-2.0,88.5,1.0,1.0
1757428337.181,-1.9052738417949526,-10.904174661235047,88.54196043017369,7.670855529997203,81.38475960904967,-16.81872693595179,-2.0,88.5,1.0,1.0
1757428337.329,-1.924219073435962,-10.923339728988037,88.52644030701467,7.185310710886847,81.18989358674736,-16.844559222718516,-2.0,88.5,1.0,1.0
1757428337.485,-1.9393752587487696,-10.93867178319043,88.45066821419664,6.743098387331958,81.13159125894144,-16.822117952683886,-2.0,88.5,1.0,1.0
1757428337.645,-1.951500206999016,-10.950937426552343,88.40522503354747,6.348610301533675,81.07976201364227,-16.819547948986003,-2.0,88.5,1.0,1.0
1757428337.865,-2.161200165599213,-10.960749941241875,88.43292546679905,6.025264388283725,81.03438633927159,-16.860181846393616,-2.0,88.5,1.0,1.0
1757428337.99,-2.3289601324793705,-10.9685999529935,88.49606336723392,5.767497204150048,81.00343347282043,-16.91054770172409,-2.0,88.5,1.0,1.0
1757428338.154,-2.4631681059834967,-10.974879962394802,88.67865174697027,5.546246571215248,81.02966038594228,-16.990212199551532,-2.0,88.5,1.0,1.0
1757428338.301,-2.970534484786797,-10.979903969915842,88.7338537666791,5.3712299426126195,80.95190451519969,-17.092375000830675,-2.0,88.5,1.0,1.0
1757428338.455,-3.3764275878294376,-10.983923175932674,88.74140139025192,5.234907235282904,80.80837242369255,-17.23296055393675,-2.0,88.5,1.0,1.0
1757428338.604,-3.9011420702635506,-11.18713854074614,88.73098228863073,5.149048791063505,80.78749729586883,-17.339224145395267,-2.0,88.5,1.0,1.0
1757428338.747,-4.5209136562108405,-11.549710832596912,88.77216358929803,5.102694910649803,81.07055046391936,-17.353656407092725,-2.0,88.5,1.0,1.0
1757428338.896,-5.216730924968672,-11.839768666077529,88.83483577537385,5.056142603613024,81.37491925334889,-17.270111782721756,-2.0,88.5,1.0,1.0
1757428339.055,-5.973384739974938,-12.071814932862022,88.70957175780674,5.028839889812889,81.56834949682687,-17.19565793237237,-2.0,88.5,1.0,1.0
1757428339.277,-6.57870779197995,-12.257451946289619,88.70681241433334,5.037332873613971,82.05681153256029,-17.039326563025913,-2.0,88.5,1.0,1.0
1757428339.419,-7.06296623358396,-12.405961557031695,88.57878569775019,5.056266152785614,82.38080153309829,-16.860219427416904,-2.0,88.5,1.0,1.0
1757428339.574,-7.450372986867168,-12.524769245625356,88.5762015173166,5.060642003547269,82.70398244054351,-16.692200728879744,-2.0,88.5,1.0,1.0
1757428339.725,-7.760298389493735,-12.619815396500284,88.75682784874266,5.0601830343685705,83.19600551242955,-16.549983977166782,-2.0,88.5,1.0,1.0
1757428339.888,-8.008238711594988,-12.695852317200227,88.71703473553393,5.047935828117962,83.74403115858777,-16.337348423405366,-2.0,88.5,1.0,1.0
1757428340.052,-8.40659096927599,-12.756681853760183,88.76789715995423,5.055443161786053,84.06592167843425,-16.194164345996846,-2.0,88.5,1.0,1.0
1757428340.202,-8.725272775420793,-12.805345483008146,88.77380668383498,5.0524832963382815,84.23836700038959,-16.014551787839228,-2.0,88.5,1.0,1.0
1757428340.412,-8.980218220336635,-12.844276386406518,88.78893698424417,5.04028190113762,84.31569285307667,-15.839044186277487,-2.0,88.5,1.0,1.0
1757428340.559,-9.184174576269308,-12.875421109125215,88.93944547599008,5.056886466041186,84.19749993165911,-15.715056044562939,-2.0,88.5,1.0,1.0
1757428340.695,-9.547339661015446,-12.900336887300172,88.93991832540937,5.082973265737003,84.06451249015397,-15.596505371263854,-2.0,88.5,1.0,1.0
1757428340.832,-9.837871728812356,-12.920269509840137,89.04589620673092,5.125153241054383,84.48869098315427,-15.430043566069044,-2.0,88.5,1.0,1.0
1757428340.964,-10.070297383049885,-12.93621560787211,89.10270466734907,5.179482570113873,84.94460855955097,-15.307994911581552,-2.0,88.5,1.0,1.0
1757428341.134,-10.25623790643991,-12.94897248629769,89.18059349395232,5.220982205845993,85.16733824699355,-15.245868376839173,-2.0,88.5,1.0,1.0
1757428341.252,-10.404990325151928,-12.959177989038151,89.04401625853879,5.23273211975259,85.311131611129,-15.131723567769967,-2.0,88.5,1.0,1.0
1757428341.38,-10.523992260121542,-12.967342391230522,88.8741830830905,5.244791484091821,85.36005716299056,-15.056129056337188,-2.0,88.5,1.0,1.0
1757428341.497,-10.619193808097233,-12.973873912984418,88.77054475571285,5.238124036558991,85.43515771970131,-14.95444324951032,-2.0,88.5,1.0,1.0
1757428341.628,-10.895355046477787,-12.979099130387535,88.69892648909084,5.222217968320032,85.54542224013554,-14.863604714708009,-2.0,88.5,1.0,1.0
1757428341.764,-11.116284037182231,-12.98327930431003,88.533242809009,5.202487392973943,85.5412640078606,-14.851700692426189,-2.0,88.5,1.0,1.0
1757428341.877,-11.293027229745785,-12.986623443448023,88.4314729644909,5.1601751923460295,85.50840857384301,-14.871070833709258,-2.0,88.5,1.0,1.0
1757428342.019,-11.43442178379663,-12.989298754758419,88.41761036470969,5.108892058758125,85.61704658197102,-14.895693024827354,-2.0,88.5,1.0,1.0
1757428342.144,-11.347537427037306,-12.991439003806736,88.29023451829154,5.053117008790131,85.68806796933457,-14.910657436870459,-2.0,88.5,1.0,1.0
1757428342.28,-11.278029941629846,-12.99315120304539,88.17986215373172,5.0204403688829675,85.74355567776925,-14.909915316075486,-2.0,88.5,1.0,1.0
1757428342.41,-11.222423953303878,-12.994520962436312,88.11116569742855,4.997851687894673,85.77428144648805,-14.912033450002992,-2.0,88.5,1.0,1.0
1757428342.534,-10.977939162643102,-12.99561676994905,87.5551415445874,5.000283082390189,85.19033315442896,-15.040026560722549,-2.0,88.5,1.0,1.0
1757428342.663,-10.582351330114482,-12.996493415959241,87.11182535299206,5.006071128013817,84.1911222243035,-15.423582680546827,-2.0,88.5,1.0,1.0
1757428342.794,-10.265881064091587,-12.997194732767394,86.80094148406194,5.008277011617356,83.0896882142483,-15.95310475200997,-2.0,88.5,1.0,1.0
1757428342.931,-9.81270485127327,-12.797755786213916,86.91768982657482,5.028575796539308,82.25617385335484,-16.581233578287566,-2.0,88.5,1.0,1.0
1757428343.058,-9.250163881018617,-12.638204628971133,87.07068042857256,5.032284452427867,81.65032239974977,-17.093327376285615,-2.0,88.5,1.0,1.0
1757428343.191,-8.600131104814894,-12.510563703176908,86.95280574520082,5.0404795247327,81.05519617871434,-17.306821762794353,-2.0,88.5,1.0,1.0
1757428343.312,-8.080104883851916,-12.408450962541528,86.79733230233121,5.0545527083109905,80.56513781429351,-17.442642406338656,-2.0,88.5,1.0,1.0
1757428343.519,-7.464083907081534,-12.326760770033223,86.4579945304076,5.065141356700935,80.14583984213633,-17.427537018113824,-2.0,88.5,1.0,1.0
1757428343.61,-6.971267125665228,-12.26140861602658,85.92064957563427,5.076801137630688,79.74782537215955,-17.247713629454108,-2.0,88.5,1.0,1.0
1757428343.743,-6.5770137005321825,-12.209126892821265,85.654940633163,5.089622737097367,79.45761427520364,-17.082339399262292,-2.0,88.5,1.0,1.0
1757428343.859,-6.261610960425746,-12.167301514257014,85.31915533102945,5.155197159485231,78.98816596018781,-17.09564288814702,-2.0,88.5,1.0,1.0
1757428343.992,-6.009288768340597,-12.133841211405612,85.05672942428649,5.227286029089824,78.49414198709246,-17.322193478805882,-2.0,88.5,1.0,1.0
1757428344.174,-5.6074310146724775,-12.10707296912449,84.86380160609433,5.279145557855556,78.01480293633509,-17.672651590135537,-2.0,88.5,1.0,1.0
1757428344.311,-5.285944811737982,-11.885658375299592,84.66817698902221,5.346208809388472,77.34607647426806,-18.350092486820138,-2.0,88.5,1.0,1.0
1757428344.445,-5.028755849390386,-11.908526700239674,84.4557943393269,5.415549184408969,76.77971454491842,-18.88970142783643,-2.0,88.5,1.0,1.0
1757428344.581,-4.823004679512309,-11.92682136019174,84.26103407208002,5.494970602163424,76.41837899791923,-19.363062874303765,-2.0,88.5,1.0,1.0
1757428344.72,-4.658403743609847,-11.941457088153392,84.43435806659672,5.583715136164296,76.28544758583467,-19.8980125156503,-2.0,88.5,1.0,1.0
1757428344.842,-4.526722994887878,-11.753165670522716,85.09915971633984,5.687185936177521,76.76379207981077,-20.56000579200043,-2.0,88.5,1.0,1.0
1757428345.0,-4.221378395910303,-11.802532536418173,85.62201917119498,5.83581988834889,78.13623443171787,-21.31901896602275,-2.0,88.5,1.0,1.0
1757428345.143,-3.977102716728243,-11.842026029134539,84.90259258900707,6.004879914563967,80.27143689300961,-22.022192419073107,-2.0,88.5,1.0,1.0
1757428345.295,-3.7816821733825945,-11.873620823307633,82.12461840934303,6.165146801485483,80.23932260234129,-23.36407941040065,-2.0,88.5,1.0,1.0
1757428345.435,-3.6253457387060757,-11.898896658646107,77.97328315909306,6.390523982762501,78.31758968547982,-24.95515197775786,-2.0,88.5,1.0,1.0
1757428345.595,-3.500276590964861,-11.919117326916886,73.79643364199039,6.790927884597916,75.7136444571581,-27.749425526068972,-2.0,88.5,1.0,1.0
1757428345.768,-3.4002212727718892,-11.93529386153351,71.60358635117557,8.326797921558512,72.66077179751733,-31.99765250894229,-2.0,88.5,1.0,1.0
1757428345.918,-3.3201770182175117,-11.748235089226807,70.43383208627155,10.394034694275962,71.25468898349709,-40.84756855962215,-2.0,88.5,1.0,1.0
1757428346.1,-3.2561416145740094,-11.598588071381446,70.35648334645195,15.03798341548264,72.52992129391664,-57.95132959923484,-2.0,88.5,1.0,1.0
1757428346.252,-3.204913291659208,-11.678870457105157,71.86313134477807,46.4670465541843,74.73160779166538,-74.51979847452051,-2.0,88.5,1.0,1.0
1757428346.415,-3.1639306333273667,-11.743096365684126,69.66183632619448,72.31792397108993,76.54865162379414,-87.01870726048043,-2.0,88.5,1.0,1.0
1757428346.588,-3.1311445066618937,-11.5944770925473,66.35358784299413,93.14623750833492,75.39294025012514,-101.10075102548734,-2.0,88.5,1.0,1.0
1757428346.748,-3.104915605329515,-11.47558167403784,60.78938240464288,110.03607860490675,69.94339571224646,-114.65246652647045,-2.0,88.5,1.0,1.0
1757428346.898,-3.083932484263612,-11.580465339230273,53.989167757966634,123.70761379539991,63.86248852132947,-126.0704105948333,-2.0,88.5,1.0,1.0
1757428347.039,-3.06714598741089,-11.664372271384218,48.172180607755436,134.65639489245154,57.61192536130439,-135.50543640698297,-2.0,88.5,1.0,1.0
1757428347.191,-3.0537167899287123,-11.731497817107375,43.45298676237226,143.36289162609208,52.30463258460853,-143.1423317270024,-2.0,88.5,1.0,0.0
1757428347.345,-3.04297343194297,-11.7851982536859,39.374266954136615,150.3540284147866,47.25752938220985,-149.35324025791374,-2.0,88.5,0.0,0.0
1757428347.478,-3.0343787455543763,-11.62815860294872,36.10001965761846,155.93053970876528,42.92874957044536,-154.48797313456947,-2.0,88.5,0.0,0.0
1757428347.645,-3.027502996443501,-11.502526882358975,33.087166641453614,160.48820094231934,39.32531685558908,-158.7423592340841,-2.0,88.5,0.0,0.0
1757428347.843,-3.022002397154801,-11.40202150588718,30.27183065386656,130.39056075385548,35.37205800912404,-124.99388738726728,-2.0,88.5,0.0,0.0
1757428347.962,-3.0176019177238413,-11.321617204709746,27.116776581747374,106.31244860308439,32.029388618584626,-97.99510990981383,-2.0,88.5,0.0,0.0
1757428348.113,-3.0140815341790734,-11.257293763767798,24.334292943038797,87.04995888246752,29.068903760792274,-76.39608792785107,-2.0,88.5,0.0,0.0
1757428348.245,-3.011265227343259,-11.20583501101424,22.042878583179974,71.63996710597402,26.80610456851879,-59.11687034228086,-2.0,88.5,0.0,0.0
1757428348.378,-3.0090121818746076,-11.164668008811393,20.162056834584167,59.31197368477922,25.144504278693432,-45.293496273824694,-2.0,88.5,0.0,0.0
1757428348.514,-2.8072097454996863,-11.131734407049116,18.60704007263547,49.449578947823376,23.87982550631833,-34.234797019059755,-2.0,88.5,0.0,0.0
1757428348.657,-2.645767796399749,-11.105387525639294,17.026719659195347,41.5596631582587,22.34689880534303,-25.387837615247804,-2.0,88.5,0.0,0.0
1757428348.789,-2.516614237119799,-11.084310020511435,15.326832389686395,35.247730526606965,21.01689420475479,-18.310270092198245,-2.0,88.5,0.0,0.0
1757428348.944,-2.4132913896958392,-11.067448016409148,14.031085834010296,30.198184421285575,20.059872124618877,-12.648216073758597,-2.0,88.5,0.0,0.0
1757428349.076,-2.1306331117566715,-11.053958413127319,12.857750732816713,26.15854753702846,19.14457699527848,-8.118572859006878,-2.0,88.5,0.0,0.0
1757428349.229,-2.1045064894053374,-11.043166730501856,11.918865757340592,22.926838029622772,18.413820824877117,-4.494858287205503,-2.0,88.5,0.0,0.0
1757428349.378,-2.08360519152427,-11.234533384401486,10.892730194208323,20.34147042369822,17.566073773840028,-1.5958866297644025,-2.0,88.5,0.0,0.0
1757428349.521,-2.066884153219416,-11.18762670752119,9.990116699562781,18.273176338958574,16.523647594939185,0.723290696188478,-2.0,88.5,0.0,0.0
1757428349.67,-2.053507322575533,-11.350101366016952,9.374225644724461,16.61854107116686,15.670601397788078,2.578632556950782,-2.0,88.5,0.0,0.0
1757428349.796,-1.8428058580604265,-11.480081092813563,9.003019679407775,15.294832856933489,15.036495313423462,4.062906045560625,-2.0,88.5,0.0,0.0
1757428349.929,-1.6742446864483413,-11.38406487425085,8.735382220969072,14.235866285546791,14.65054041813794,5.250324836448501,-2.0,88.5,0.0,0.0
1757428350.079,-1.5393957491586732,-11.30725189940068,8.538217927076722,13.388693028437434,14.301282314747944,6.200259869158801,-2.0,88.5,0.0,0.0
1757428350.215,-1.4315165993269385,-11.445801519520543,8.566002572636487,12.710954422749948,14.186453929716494,6.960207895327041,-2.0,88.5,0.0,0.0
1757428350.361,-1.3452132794615508,-11.556641215616436,8.576022265958422,12.16876353819996,14.079470393603742,7.5681663162616335,-2.0,88.5,0.0,0.0
1757428350.512,-1.2761706235692407,-11.64531297249315,9.025484065784749,11.735010830559968,14.24502283651515,8.054533053009308,-2.0,88.5,0.0,0.0
1757428350.667,-1.2209364988553926,-11.71625037799452,9.78820561087646,11.388008664447975,14.873222479306815,8.443626442407446,-2.0,88.5,0.0,0.0
1757428350.842,-1.1767491990843142,-11.773000302395616,11.156304626498745,11.11040693155838,16.12967543075878,-28.276923307260724,-2.0,88.5,1.0,0.0
1757428351.0,-1.3413993592674514,-11.818400241916493,14.076063969158723,44.575542063012634,19.005364776904557,-57.430634912868655,-2.0,88.5,1.0,0.0
1757428351.147,-1.273119487413961,-12.054720193533194,16.82101960547621,71.37113319593892,22.245793447366772,-80.57495260884853,-2.0,88.5,1.0,0.0
1757428351.311,-1.4184955899311689,-12.243776154826556,19.762522294411895,92.80894063363121,25.73324851230704,-99.01455670641425,-2.0,88.5,1.0,1.0
1757428351.469,-1.334796471944935,-12.195020923861245,25.383677940927488,109.86814653769477,31.134861410422374,-113.09519899585959,-2.0,88.5,1.0,1.0
1757428351.629,-1.267837177555948,-12.356016739088997,31.991501715254294,123.42830467110522,37.038820624375404,-123.70386794652948,-2.0,88.5,1.0,1.0
1757428351.808,-1.2142697420447583,-12.484813391271198,41.215223770223304,133.99310652357292,43.01409527571151,-131.9053932576331,-2.0,88.5,1.0,1.0
1757428351.968,-1.1714157936358067,-12.587850713016959,49.32631770283167,142.14978376967807,48.691699837442044,-138.35626666051053,-2.0,88.5,1.0,1.0
1757428352.146,-1.1371326349086455,-12.670280570413567,55.75932550920842,146.88019573904705,53.95384934108433,-143.37951329507618,-2.0,88.5,1.0,1.0
1757428352.297,-1.1097061079269164,-12.936224456330855,60.986580297959975,150.24296679295955,58.48608074597672,-146.9716998616835,-2.0,88.5,1.0,1.0
1757428352.46,-1.2877648863415332,-12.948979565064684,63.74295567649942,138.5151909527796,62.72336500425126,-149.02024774708642,-2.0,88.5,1.0,1.0
1757428352.612,-1.2302119090732266,-12.959183652051747,66.12006050010598,123.79445713812007,67.12728001997222,-149.40536029245834,-2.0,88.5,1.0,1.0
1757428352.775,-1.1841695272585813,-12.967346921641399,67.70861010731062,104.69680121367914,70.425804373168,-142.56129481370286,-2.0,88.5,1.0,1.0
1757428352.931,-1.347335621806865,-13.173877537313121,69.43639599992541,86.32914190104835,72.07588075008053,-122.12224891226433,-2.0,88.5,1.0,1.0
1757428353.108,-1.2778684974454921,-13.339102029850498,71.32760185356543,70.99365713820724,74.20209454870138,-104.19672434717982,-2.0,88.5,1.0,1.0
1757428353.271,-1.2222947979563936,-13.4712816238804,74.23282689041628,58.8292283485839,77.0156718850855,-89.98836935925081,-2.0,88.5,1.0,1.0
1757428353.42,-1.3778358383651148,-13.57702529910432,76.71678245163508,49.05575620659837,79.32050808991053,-78.89852465225799,-2.0,88.5,1.0,1.0
1757428353.644,-1.3022686706920918,-13.861620239283457,79.13230458950693,41.13763488194252,80.53806912362984,-69.75383287313068,-2.0,88.5,1.0,1.0
1757428353.808,-1.2418149365536735,-14.089296191426767,80.98590206436425,34.68795625085244,80.999843841008,-61.6880140047481,-2.0,88.5,1.0,1.0
1757428353.963,-1.1934519492429387,-14.271436953141414,82.46477111637046,29.655274598935563,81.27068562435166,-55.68381699594375,-2.0,88.5,1.0,1.0
1757428354.13,-1.154761559394351,-14.417149562513131,83.18475605145741,25.638633600274343,80.87937368879304,-50.61954295203706,-2.0,88.5,1.0,1.0
1757428354.288,-1.3238092475154808,-14.533719650010505,83.43629253832749,22.522942769348127,80.3724434402567,-46.56505419449859,-2.0,88.5,1.0,1.0
1757428354.497,-1.4590473980123848,-14.426975720008405,83.4306861836091,20.066725608618096,79.78348102080477,-42.96669970283665,-2.0,88.5,1.0,1.0
1757428354.669,-1.5672379184099081,-14.341580576006725,83.18007881386247,18.09954515355279,78.78273103852221,-39.82604680954151,-2.0,88.5,1.0,1.0
1757428354.833,-1.6537903347279266,-14.473264460805382,83.17858569561464,16.403477864416594,77.73408273318118,-36.98410065183949,-2.0,88.5,1.0,1.0
1757428355.022,-1.7230322677823415,-14.578611568644305,82.71056577803836,14.986084258969349,76.59092937765563,-34.001653104490146,-2.0,88.5,1.0,1.0
1757428355.176,-1.5784258142258734,-14.462889254915446,82.430056853023,13.874776819160926,75.80774759041117,-31.50451925939367,-2.0,88.5,1.0,1.0
1757428355.347,-1.4627406513806986,-14.370311403932359,82.30535252634074,13.01122443710044,75.27161559386445,-29.583999652409773,-2.0,88.5,1.0,1.0
1757428355.513,-1.370192521104559,-14.296249123145888,82.05135687145787,12.286484366586178,74.71113310234435,-27.977961372364533,-2.0,88.5,1.0,1.0
1757428355.69,-1.2961540168836472,-14.23699929851671,81.90731039968522,11.781964509522984,74.33021436743934,-26.89991878963022,-2.0,88.5,1.0,1.0
1757428355.851,-1.2369232135069177,-14.18959943881337,81.6507345844646,11.333262471532631,73.95417762526074,-25.906890531153557,-2.0,88.5,1.0,1.0
1757428356.012,-1.3895385708055343,-14.151679551050698,81.40548874589976,10.987620569253517,73.54075746395814,-25.254682100590053,-2.0,88.5,1.0,1.0
1757428356.15,-1.3116308566444275,-14.12134364084056,81.13909671269987,10.738130927854044,73.09334039904113,-24.8769667954425,-2.0,88.5,1.0,1.0
1757428356.288,-1.249304685315542,-14.09707491267245,80.90258706615131,10.622533588868999,72.79435960134352,-24.72620228042338,-2.0,88.5,1.0,1.0
1757428356.424,-1.1994437482524336,-14.077659930137962,80.72989068500041,10.559908349012936,72.56158285277395,-24.69717414085581,-2.0,88.5,1.0,1.0
1757428356.554,-1.1595549986019469,-14.06212794411037,80.71713275819243,10.348449663715481,72.50676652719135,-24.207368359689458,-2.0,88.5,1.0,1.0
1757428356.684,-1.1276439988815576,-14.049702355288298,80.55127661718538,10.109444023773577,72.31253178987687,-23.676869564341388,-2.0,88.5,1.0,1.0
1757428356.822,-1.1021151991052462,-13.839761884230638,80.4129372274238,9.918056462808199,72.14547533722371,-23.245662747966165,-2.0,88.5,1.0,1.0
1757428356.956,-1.081692159284197,-13.671809507384511,80.34873323534806,9.769122236485993,71.95864052360486,-22.929285403705865,-2.0,88.5,1.0,1.0
1757428357.086,-1.0653537274273577,-13.537447605907609,80.15524860037448,9.610715136542568,71.61578526054625,-22.66373837479914,-2.0,88.5,1.0,1.0
1757428357.218,-1.0522829819418862,-13.429958084726087,80.00989083003684,9.482316119265214,71.33808589479585,-22.53249266795513,-2.0,88.5,1.0,1.0
1757428357.359,-1.041826385553509,-13.34396646778087,79.91974160806816,9.38068114743237,71.14512078121408,-22.46568120891509,-2.0,88.5,1.0,1.0
1757428357.5,-1.0334611084428074,-13.275173174224696,80.0205736460199,9.221136614752874,71.06187604224547,-22.434021273743607,-2.0,88.5,1.0,1.0
1757428357.619,-1.026768886754246,-13.220138539379757,80.33342154495391,8.954751237066072,71.27662551114616,-22.155414520643816,-2.0,88.5,1.0,1.0
1757428357.752,-1.221415109403397,-13.176110831503806,80.93966196644094,8.701458492366164,71.89188536616449,-21.75823969669588,-2.0,88.5,1.0,1.0
1757428357.905,-1.1771320875227176,-13.140888665203045,81.41112101130564,8.394666737361726,72.35874521669247,-21.248428484458792,-2.0,88.5,1.0,1.0
